base_model,meta_coefficient
mlp,0.3646117270360669
catboost,0.3305973022401531
random_forest,0.16002491656177606
xgboost,0.11162683022039882
lightgbm,0.08320389761059624
