,lightgbm,catboost,random_forest,xgboost,mlp
lightgbm,1.0,0.9159334852073686,0.955567793410199,0.9666145905148558,0.7041330398715626
catboost,0.9159334852073686,1.0,0.9192918361472203,0.9300609144422275,0.7400570436009578
random_forest,0.955567793410199,0.9192918361472203,1.0,0.9623136731893362,0.7140497243592266
xgboost,0.9666145905148558,0.9300609144422275,0.9623136731893362,1.0,0.7266331735445061
mlp,0.7041330398715626,0.7400570436009578,0.7140497243592266,0.7266331735445061,1.0
