model_name,rmse,rmse_ci_low,rmse_ci_high,mae,mae_ci_low,mae_ci_high,r2
stacking,0.3285386160616221,0.307753034965767,0.3488539677139469,0.2748231740186795,0.256447367681038,0.2936471135069004,0.16287088669644645
simple_average,0.32926830176921923,0.30865096653399826,0.3492396669822765,0.27716405963104035,0.25941222802218844,0.29587300091630314,0.15914822238892612
lightgbm,0.3303747207848145,0.30878441598973927,0.35105740382228556,0.27627193047243065,0.2573312652083132,0.2956827054409336,0.15348780829901076
xgboost,0.33216983180523135,0.31104824260923475,0.35261978159402163,0.27893002408963585,0.2604012928542717,0.2981509521735294,0.14426366587877248
random_forest,0.3328680162989257,0.31202893580728996,0.3532180884909973,0.28179070784241483,0.26364309863871493,0.30062348110603515,0.14066255776189274
catboost,0.3329306217055354,0.3121297322750877,0.3532673367763707,0.27771625834946556,0.25930598152603823,0.2968930979118534,0.140339281108129
mlp,0.33331025532161823,0.3124781416952329,0.35423393690468036,0.2772873335787891,0.25900164553038946,0.2964180831280184,0.13837765814858305
