base_model,meta_coefficient
lightgbm,0.2597375363864616
catboost,0.25112842964023374
mlp,0.2016944820651706
random_forest,0.17303817153247603
xgboost,0.1670814681020108
