,lightgbm,catboost,random_forest,xgboost,mlp
lightgbm,1.0,0.9504768481585028,0.9519876718622926,0.9731206455193809,0.8517907864438351
catboost,0.9504768481585028,1.0,0.9523382429077846,0.9665484831301082,0.8455213727638164
random_forest,0.9519876718622926,0.9523382429077846,1.0,0.9748870386654183,0.8592797839596701
xgboost,0.9731206455193809,0.9665484831301082,0.9748870386654183,1.0,0.8518201137836241
mlp,0.8517907864438351,0.8455213727638164,0.8592797839596701,0.8518201137836241,1.0
