{
  "results": [
    {
      "model_name": "linear_regression",
      "test_rmse": 0.30587089933755235,
      "test_mae": 0.24147250924342298,
      "test_r2": 0.2744022636707465,
      "rmse_ci_low": 0.2830987664704705,
      "rmse_ci_high": 0.32742194616687786,
      "mae_ci_low": 0.2227262491719919,
      "mae_ci_high": 0.2606699197078144,
      "r2_ci_low": 0.1915201116645227,
      "r2_ci_high": 0.3502242174047891
    },
    {
      "model_name": "ridge_cv",
      "test_rmse": 0.3063758430148269,
      "test_mae": 0.2435379633040854,
      "test_r2": 0.27200459581689773,
      "rmse_ci_low": 0.2835453110656236,
      "rmse_ci_high": 0.32775300082562037,
      "mae_ci_low": 0.22480880886391014,
      "mae_ci_high": 0.2625468727963848,
      "r2_ci_low": 0.191714449554154,
      "r2_ci_high": 0.34587107764522734
    }
  ],
  "n_bootstrap": 2000
}