model_name,rmse,rmse_ci_low,rmse_ci_high,mae,mae_ci_low,mae_ci_high,r2
stacking,0.3048768873679443,0.2806301911332079,0.3275737861798172,0.24261221624343426,0.22428149370827308,0.2623197598209769,0.2791106611119005
simple_average,0.305599161592629,0.28231508371331415,0.3279238397615316,0.24567323587947493,0.22740185680683186,0.2648979140321216,0.27569094270774674
xgboost,0.3066039183651483,0.2832163052191018,0.3288795282938372,0.2479917203977591,0.2302043925335434,0.26707796403424366,0.2709203092297816
random_forest,0.308389608031108,0.28433028215933726,0.3306247435412499,0.24949525432600647,0.23168751454681868,0.2686279522796275,0.2624031232854742
lightgbm,0.3086133144309737,0.2854102799378323,0.33084895549563526,0.2497249175295956,0.23151987240409072,0.2688063787525997,0.26133262684160585
catboost,0.3088649250289108,0.2853308156240851,0.3316570821771049,0.24963988179043903,0.23084639907665225,0.2693622044147338,0.26012767362275413
mlp,0.31246597216599703,0.2885159187483363,0.33556500544146856,0.24405436453632176,0.2249340154787739,0.2643940745815023,0.24277480191971634
